RayLin56961481, PoloChau
SomdutRoy, PoloChau
fang_wenxin, PoloChau
AbuSufyanBD, PoloChau
yezhilin0518, PoloChau
r_ricard, PoloChau
Yasho_J, PoloChau
jgmullenb, PoloChau
KapuriaKaran, PoloChau
icdm2017, PoloChau
PitchCrunch, RayLin56961481
FreeFootyLaughs, RayLin56961481
FootballTeasers, RayLin56961481
StartupGrind, RayLin56961481
Yasho_J, SomdutRoy
maishadewan, AbuSufyanBD
imdahal, AbuSufyanBD
kbd_nkarim, AbuSufyanBD
mirahmad01, AbuSufyanBD
genesshk, r_ricard
PmDartus, r_ricard
wefkwefo, r_ricard
growlymike, r_ricard
GeorgiaTech, r_ricard
thekamahele, r_ricard
glassesgeek, r_ricard
psunnnnn, r_ricard
mdiordiev, r_ricard
marceloogeda, r_ricard
SomdutRoy, Yasho_J
BhgwanLal, Yasho_J
JhawarAnkush, Yasho_J
kanoi_adarsh, Yasho_J
aksudupa93, Yasho_J
tejaswi_kalra, Yasho_J
PrateekSinhaKgp, Yasho_J
zapsyou, Yasho_J
CeciliaDurant, Yasho_J
carlyh27, Yasho_J
senoobydooby, jgmullenb
benlandis, jgmullenb
JoshuaDroid, jgmullenb
binita425, jgmullenb
colortheory, jgmullenb
SNCKPCK, jgmullenb
LobsterCasey, jgmullenb
watersouppress, jgmullenb
PatrickDa13, jgmullenb
CoxPhloppin, jgmullenb
Siddharthsaraf8, KapuriaKaran
vimleshsinghR, KapuriaKaran
kush_dani, KapuriaKaran
awesomeBinny, KapuriaKaran
girlrubio888, KapuriaKaran
thegohil, KapuriaKaran
akku_shukla18, KapuriaKaran
SanaChachia, KapuriaKaran
GAURAVPOWALE, KapuriaKaran
rascalsvk, KapuriaKaran
_connectious, icdm2017
icmr17, icdm2017
MrDataScience, icdm2017
icwsm, icdm2017
SanazBahargam, icdm2017
ialuronico, icdm2017
basecamp_ai, icdm2017
alipinar9, icdm2017
MZeeshanAnsari, icdm2017
chathrah, icdm2017
