PatsMilitia, 0x56794e
ravejob_de, 0x56794e
Jormungan_d, 0x56794e
LimusinasFunsho, 0x56794e
Lifeof_Bliss, 0x56794e
skitnwl, 0x56794e
whenthepugspeak, 0x56794e
Earthlmages, 0x56794e
TicketGun, 0x56794e
OnlineLearnZone, 0x56794e
JohnFlann3, PatsMilitia
D_Mac52, PatsMilitia
JosephineWikto2, PatsMilitia
dreamingawakefl, PatsMilitia
ruizphysique, PatsMilitia
RobinJo64, PatsMilitia
LucetaT, PatsMilitia
Original_KO1, PatsMilitia
SancheEspinosa, PatsMilitia
AChanged_Man, PatsMilitia
Macoriansaffol3, ravejob_de
iRichy_Xv, ravejob_de
ebusinessmarkt, ravejob_de
mrcash02, ravejob_de
hendnasser3, ravejob_de
TN_WX, ravejob_de
rickbeck19, ravejob_de
OneGmartin, ravejob_de
17Mujamuji, ravejob_de
TExperiments, ravejob_de
TwilightilDawn, Jormungan_d
LukeCS_Music, Jormungan_d
LiamBarrettEsq, Jormungan_d
UruymagovaZara, Jormungan_d
TaylorHiddlest, Jormungan_d
severusnake7080, Jormungan_d
Carrot_1503, Jormungan_d
Clauudiia20, Jormungan_d
LekoFlores, Jormungan_d
purpuremoon, Jormungan_d
mgard_a, LimusinasFunsho
ka_smah, LimusinasFunsho
oneXalchemist, LimusinasFunsho
pregonerojaroch, LimusinasFunsho
tyagi_ajay1, LimusinasFunsho
ShivaniYadavIn, LimusinasFunsho
SourotoniMondal, LimusinasFunsho
TejasSh40975786, LimusinasFunsho
NoticiasLujoES, LimusinasFunsho
olasarkar, LimusinasFunsho
KennethJuniors, Lifeof_Bliss
ParkCityResortL, Lifeof_Bliss
WohooWorld, Lifeof_Bliss
Rohan_TWI, Lifeof_Bliss
YENIBERARAMESH2, Lifeof_Bliss
cdrathwell18, Lifeof_Bliss
LindseyLemmon1, Lifeof_Bliss
RealMikeyyRokks, Lifeof_Bliss
HoneyTrek, Lifeof_Bliss
jamiepj1xt, Lifeof_Bliss
LoisMoncrief, skitnwl
FOSWE4, skitnwl
GCVillage, skitnwl
BobbyKlinck, skitnwl
juanblanco76, skitnwl
hondogeurts, skitnwl
n0stalgica, skitnwl
SCORENWOhio, skitnwl
wboglarsky, skitnwl
Grafixbusiness, skitnwl
davidwilliam952, whenthepugspeak
FABSITEUK, whenthepugspeak
Ali24849388, whenthepugspeak
bethskie45, whenthepugspeak
Nazurudeen10, whenthepugspeak
outfitcraze, whenthepugspeak
RajaTha52050439, whenthepugspeak
samenggggggg, whenthepugspeak
m4rkus_98, whenthepugspeak
Raki29feb, whenthepugspeak
HammadiLajmi, Earthlmages
JuniorMamanip1, Earthlmages
maz__dav, Earthlmages
imanislam409, Earthlmages
UeniRzqtN4gNlll, Earthlmages
AlbolAslam, Earthlmages
Asadli5, Earthlmages
lulu992014, Earthlmages
KA0To56LVGgzD0Y, Earthlmages
klo777n, Earthlmages
yolasanders, TicketGun
union_building, TicketGun
KentsHillConf, TicketGun
integritysport4, TicketGun
Move_Summit, TicketGun
Africatravelch2, TicketGun
Billy3Russell8, TicketGun
etcvenues, TicketGun
BarrettAll, TicketGun
Hire_iPad, TicketGun
fi_glasgow, OnlineLearnZone
skaama, OnlineLearnZone
CeboZuko, OnlineLearnZone
msc_program, OnlineLearnZone
chrmelk, OnlineLearnZone
AiRTech2015, OnlineLearnZone
SomaNjie, OnlineLearnZone
JavaMeritCampus, OnlineLearnZone
iAshiqur, OnlineLearnZone
PocketBean_UK, OnlineLearnZone
