0x56794e, AnalysisFact
0x56794e, Fascinatingpics
0x56794e, BarackObama
0x56794e, googlecloud
0x56794e, JustinTrudeau
0x56794e, xor
0x56794e, joshbloch
0x56794e, mreinhold
0x56794e, Gephi
0x56794e, EtihadAirways
AnalysisFact, FormalFact
AnalysisFact, FunctorFact
AnalysisFact, DSP_fact
AnalysisFact, JohnDCook
AnalysisFact, MedVocab
AnalysisFact, UnitFact
AnalysisFact, NetworkFact
AnalysisFact, diff_eq
AnalysisFact, ScienceTip
AnalysisFact, UnixToolTip
Fascinatingpics, guyalepage
Fascinatingpics, JennaWolfe
Fascinatingpics, thechrisbarron
Fascinatingpics, HumbertoTan
Fascinatingpics, AHMalcolm
Fascinatingpics, RachieBros
Fascinatingpics, KevinSpacey
Fascinatingpics, TheDailyShow
Fascinatingpics, cenkuygur
Fascinatingpics, TheYoungTurks
BarackObama, tweetmoi
BarackObama, 3R0
BarackObama, NovaCat94
BarackObama, codykeenan
BarackObama, jenfriedman13
BarackObama, LizMarieAllen
BarackObama, korischulman
BarackObama, danpfeiffer
BarackObama, ValerieJarrett
BarackObama, joshearnest
googlecloud, vicnastea
googlecloud, MylesBorins
googlecloud, stevesi
googlecloud, qhardy
googlecloud, Anvato
googlecloud, gabrtv
googlecloud, nytdevs
googlecloud, asciimike
googlecloud, allspaw
googlecloud, botchagalupe
JustinTrudeau, mariesoleildion
JustinTrudeau, daviddbgraham
JustinTrudeau, tobi
JustinTrudeau, lopezobrador_
JustinTrudeau, mauriciomacri
JustinTrudeau, ppkamigo
JustinTrudeau, TVASports
JustinTrudeau, CDNParalympique
JustinTrudeau, CDNParalympics
JustinTrudeau, GlblCtzn
xor, 256farben
xor, i_remember_txt
xor, SarahJamieLewis
xor, DanaSchwartzzz
xor, NancyPelosi
xor, SenFeinstein
xor, KamalaHarris
xor, amandaglosson
xor, tinyspires
xor, geminiimatt
joshbloch, NotAltWorld
joshbloch, RogueNASA
joshbloch, StandUpRepublic
joshbloch, ScienceMarchDC
joshbloch, ninjividual
joshbloch, BarackObama
joshbloch, repjohnlewis
joshbloch, Evan_McMullin
joshbloch, ChrisWarcraft
joshbloch, GreatDismal
mreinhold, Evan_McMullin
mreinhold, SunTzuSec
mreinhold, StandUpRepublic
mreinhold, ninjividual
mreinhold, TypeNetwork
mreinhold, dsearls
mreinhold, runemadsen
mreinhold, slava_pestov
mreinhold, TypographyGuru
mreinhold, zen_bones
Gephi, Linkurious
Gephi, NetworkFact
Gephi, Elijah_Meeks
Gephi, RessiveNetworks
Gephi, keylines
Gephi, CambridgeIntel
Gephi, f_ficarola
Gephi, sigmajs
Gephi, magneticnorth
Gephi, cmradar
EtihadAirways, JuanMSalvadores
EtihadAirways, SimonJSpurrell
EtihadAirways, PalermoDaiana
EtihadAirways, Requelme__10
EtihadAirways, lesliejosephs
EtihadAirways, mckinleyw_
EtihadAirways, BhaskarAdhika20
EtihadAirways, nycds1
EtihadAirways, romansi_340
EtihadAirways, chiragdrolia
